,Id,Mas Vnr Area,Full Bath,Wood Deck SF,Total Bsmt SF,Garage Area,Lot Shape,Kitchen Qual,Garage Finish,Heating QC,BsmtFin Type 1,neighborhood_NridgHt,zoning_RM
0,2658,0.0,2,0,1020,440,1,4,3,2,6,0,1
1,2718,0.0,2,170,1967,580,2,3,1,3,6,0,0
2,2414,0.0,2,100,654,426,2,2,2,1,1,0,0
3,1989,0.0,1,0,968,480,1,3,3,3,6,0,1
4,625,247.0,1,0,1394,514,2,3,2,2,3,0,0
5,333,0.0,1,0,546,286,1,3,3,3,4,0,1
6,1327,0.0,1,0,869,308,1,3,3,3,6,0,1
7,858,0.0,1,173,1268,252,2,2,3,3,2,0,0
8,95,0.0,2,0,840,588,1,2,2,1,6,0,0
9,1568,0.0,2,238,1196,473,1,3,3,3,2,0,0
10,2482,0.0,2,0,1217,484,1,2,2,2,1,0,0
11,1364,0.0,1,0,1040,320,1,3,3,2,6,0,1
12,2584,0.0,1,0,1367,451,1,3,3,1,6,0,0
13,818,23.0,4,312,1168,820,1,3,1,1,1,0,0
14,2673,0.0,1,27,848,240,2,3,3,3,6,0,0
15,2089,98.0,1,116,0,252,1,3,2,1,7,0,0
16,1297,0.0,2,0,884,828,1,3,3,3,3,0,1
17,790,0.0,1,0,1073,340,1,3,3,3,4,0,0
18,2616,104.0,2,355,1313,418,1,3,2,3,4,0,0
19,720,0.0,1,0,916,424,1,2,3,2,3,0,1
20,222,0.0,1,406,1060,270,2,2,3,1,4,0,0
21,557,0.0,1,0,864,732,2,3,3,1,1,0,0
22,1148,0.0,2,0,1604,533,1,2,2,1,5,0,0
23,2766,0.0,1,0,938,540,2,3,3,1,2,0,0
24,534,0.0,1,0,1218,576,1,2,2,1,6,0,0
25,1452,0.0,1,0,864,352,2,3,3,3,2,0,0
26,630,0.0,2,55,715,368,2,3,3,2,6,0,0
27,2648,0.0,1,0,636,240,1,1,3,3,6,0,1
28,125,156.0,1,120,936,480,1,2,2,1,1,0,0
29,1904,0.0,1,0,370,0,1,4,4,3,5,0,0
30,1670,0.0,1,0,858,684,2,3,3,3,2,0,0
31,756,0.0,1,0,780,539,1,3,3,3,3,0,1
32,717,0.0,1,181,1240,864,2,2,3,3,6,0,1
33,1032,0.0,1,224,1176,439,1,2,3,2,3,0,0
34,852,180.0,2,0,1492,608,1,2,2,1,1,0,0
35,1731,44.0,2,100,608,454,2,2,1,1,6,0,0
36,2639,0.0,1,0,1147,162,1,4,3,3,5,0,1
37,2071,0.0,1,0,0,460,1,3,3,3,7,0,0
38,1267,0.0,1,196,105,414,1,2,3,2,6,0,0
39,1851,0.0,2,176,1339,625,2,2,3,1,6,0,0
40,567,76.0,2,0,612,528,1,2,2,1,6,0,0
41,2439,0.0,2,89,930,431,2,2,1,2,6,0,0
42,1898,0.0,1,0,1063,624,1,2,3,2,4,0,0
43,647,70.0,1,324,1008,288,1,3,3,1,3,0,0
44,2256,352.0,2,240,1501,512,2,2,1,1,1,0,0
45,979,0.0,1,0,546,0,1,3,4,3,6,0,1
46,1444,162.0,2,0,920,608,2,2,2,1,1,0,0
47,2485,0.0,1,421,828,300,1,3,3,2,3,0,0
48,157,0.0,1,0,936,308,1,3,1,1,3,0,0
49,88,0.0,1,0,1040,308,1,3,1,4,2,0,0
50,2003,0.0,1,0,912,160,1,3,3,2,5,0,1
51,186,0.0,3,0,346,624,1,2,3,1,6,0,1
52,1425,156.0,2,168,1615,864,2,2,2,1,6,0,0
53,2695,0.0,1,0,803,297,1,2,3,1,6,0,1
54,738,444.0,1,0,468,320,1,3,1,2,4,0,1
55,395,0.0,1,171,1026,440,1,2,2,2,1,0,0
56,1353,0.0,2,0,1026,240,1,3,3,1,4,0,0
57,1878,0.0,1,316,1024,484,1,3,3,3,2,0,0
58,390,0.0,2,40,1176,506,2,3,3,4,2,0,0
59,1456,0.0,2,0,992,839,2,2,2,1,1,0,0
60,1103,495.0,2,144,1982,938,2,2,1,1,1,0,0
61,1387,0.0,1,0,1300,400,1,3,3,4,3,0,0
62,2070,340.0,1,0,1158,303,1,3,3,3,4,0,0
63,1199,0.0,1,0,825,464,2,3,1,3,2,0,0
64,2479,0.0,2,0,761,484,1,2,2,1,2,0,0
65,501,634.0,2,182,2024,815,2,2,1,1,3,0,0
66,2362,0.0,1,0,858,0,2,3,4,3,3,0,0
67,1718,182.0,1,110,1302,631,1,2,2,1,2,1,0
68,2188,0.0,1,0,544,0,1,2,4,1,4,0,0
69,1483,147.0,1,149,848,420,1,2,2,1,1,0,1
70,2557,108.0,1,0,600,528,2,3,3,2,6,0,0
71,437,20.0,2,192,1508,640,4,1,1,1,1,1,0
72,2224,423.0,1,0,1560,580,2,3,2,3,5,0,0
73,1628,76.0,2,164,384,402,2,2,2,2,6,0,0
74,397,178.0,1,0,1043,336,2,3,3,1,2,0,0
75,587,359.0,1,0,1680,480,2,3,2,4,2,0,0
76,971,75.0,1,0,0,336,1,3,3,3,7,0,0
77,2611,161.0,1,0,1135,264,1,3,2,1,2,0,0
78,1887,0.0,1,0,0,294,2,3,2,3,7,0,0
79,2399,674.0,2,144,1780,816,2,1,1,1,1,1,0
80,2148,100.0,2,192,1459,527,1,2,2,1,6,0,0
81,304,0.0,1,0,629,625,1,3,3,4,3,0,1
82,1997,0.0,1,0,687,336,1,2,3,2,4,0,1
83,2817,0.0,2,147,676,528,1,3,3,2,4,0,0
84,1431,0.0,2,403,616,603,2,2,2,2,1,0,0
85,427,306.0,2,0,2042,1390,1,1,2,1,6,1,0
86,263,0.0,1,0,876,484,1,3,3,3,2,0,0
87,598,509.0,2,0,1232,495,1,3,2,4,1,0,0
88,2895,653.0,2,574,1686,511,2,3,2,3,6,0,0
89,687,0.0,1,180,864,576,1,3,3,3,5,0,0
90,1822,0.0,1,0,999,264,2,2,3,2,2,0,0
91,2191,0.0,1,168,560,384,1,3,3,2,6,0,0
92,179,0.0,1,0,827,240,1,4,3,2,6,0,1
93,1009,0.0,2,168,1228,472,2,2,1,2,1,0,0
94,2010,0.0,2,0,728,224,1,3,3,1,4,0,1
95,1991,0.0,1,0,728,374,1,3,3,3,5,0,1
96,1411,0.0,1,158,1509,322,1,2,3,3,4,0,0
97,1721,108.0,2,156,1554,627,1,2,2,1,1,1,0
98,1144,0.0,2,0,827,627,1,2,2,1,1,0,0
99,593,0.0,2,0,810,528,1,2,1,1,1,0,0
100,575,450.0,2,501,1694,642,2,1,1,1,1,0,0
101,1249,360.0,2,0,998,540,1,3,1,3,6,0,0
102,1604,0.0,1,362,876,264,2,3,3,3,2,0,0
103,1064,680.0,1,154,2535,789,1,1,1,1,1,1,0
104,1923,0.0,1,0,1244,336,2,3,3,1,4,0,0
105,1988,0.0,1,58,686,0,1,2,4,2,2,0,1
106,2325,112.0,2,190,697,420,2,2,1,2,2,0,0
107,114,0.0,3,0,1224,678,2,3,2,3,2,0,0
108,2700,0.0,2,0,1921,576,1,3,3,3,6,0,0
109,217,72.0,2,0,1832,0,1,3,4,3,2,0,0
110,343,440.0,2,80,1434,528,1,3,2,3,5,0,0
111,386,0.0,2,0,1058,588,1,2,1,1,6,0,0
112,2005,0.0,2,0,0,384,1,3,2,1,7,0,1
113,2908,0.0,1,36,1140,0,1,3,4,1,6,0,0
114,1814,0.0,2,402,1482,514,4,2,2,1,1,0,0
115,2446,1378.0,3,361,1930,807,2,2,1,1,1,0,0
116,208,0.0,2,344,360,672,1,2,3,2,6,0,1
117,1679,304.0,2,0,630,440,1,3,3,3,6,0,1
118,822,364.0,2,208,1720,846,2,1,2,1,1,0,0
119,6,20.0,2,360,926,470,2,2,1,1,1,0,0
120,1781,754.0,2,76,1966,1092,2,1,1,1,1,0,0
121,2397,788.0,2,177,1085,753,2,1,1,1,6,1,0
122,2340,230.0,2,156,1714,517,1,2,1,1,1,0,0
123,1618,0.0,2,0,794,388,3,3,1,2,1,0,0
124,2843,0.0,1,0,795,440,1,3,3,3,6,0,0
125,1061,368.0,2,192,1414,1003,2,1,1,1,1,1,0
126,2786,0.0,1,0,864,288,2,3,2,1,4,0,0
127,1935,0.0,1,0,1008,240,1,2,3,2,3,0,0
128,1341,0.0,1,0,565,355,2,3,2,3,2,0,1
129,521,120.0,2,212,1530,984,2,2,2,1,6,0,0
130,2136,113.0,2,127,1015,370,2,3,3,3,1,0,0
131,996,0.0,2,100,943,472,2,3,1,2,1,0,0
132,227,0.0,1,192,720,480,1,3,3,1,4,0,0
133,135,216.0,1,238,1080,315,2,2,3,2,1,0,0
134,1167,216.0,2,0,744,440,1,3,3,2,1,0,0
135,294,371.0,1,0,1528,312,2,3,3,1,2,0,0
136,1776,0.0,2,0,1369,605,1,2,3,1,6,0,0
137,540,0.0,1,248,1114,576,1,2,3,1,6,0,0
138,1717,182.0,1,110,1302,631,1,2,2,1,2,1,0
139,2303,0.0,1,330,816,264,2,3,1,3,2,0,0
140,116,0.0,1,0,1161,676,1,2,2,3,2,0,0
141,127,0.0,1,366,1078,240,1,2,3,2,1,0,0
142,1371,0.0,1,57,756,216,1,3,3,1,6,0,1
143,1014,0.0,1,0,1632,495,2,3,3,3,6,0,0
144,1507,0.0,1,0,0,0,1,3,4,2,7,0,0
145,702,360.0,2,0,960,400,1,3,3,2,6,0,1
146,750,0.0,2,0,1048,576,1,3,3,2,6,0,1
147,261,153.0,1,0,689,299,2,3,1,1,1,0,0
148,1559,0.0,1,0,592,216,1,4,3,1,6,0,0
149,577,0.0,1,228,1740,540,1,2,2,3,5,0,0
150,2812,0.0,2,0,860,565,2,2,2,1,6,0,0
151,2080,0.0,1,366,988,332,1,2,3,1,3,0,0
152,1368,0.0,1,0,901,0,2,3,4,2,6,0,1
153,2376,0.0,1,175,864,288,1,3,2,3,2,0,0
154,659,0.0,1,316,768,240,1,2,3,1,6,0,0
155,1235,151.0,1,0,1098,260,2,3,3,3,2,0,0
156,332,0.0,1,0,546,0,1,3,4,1,6,0,1
157,1917,0.0,1,0,936,315,1,2,2,3,2,0,0
158,2094,0.0,2,72,1104,833,2,2,2,1,3,0,0
159,1460,396.0,2,0,1055,905,1,2,1,1,6,0,0
160,1471,215.0,2,140,1478,508,1,2,1,1,1,0,0
161,1509,0.0,1,0,768,240,1,3,3,1,3,0,0
162,1922,0.0,1,390,1056,260,1,3,3,3,3,0,0
163,433,472.0,2,360,2630,762,1,1,1,1,1,1,0
164,460,500.0,2,192,1451,539,1,1,2,1,6,1,0
165,1116,468.0,2,144,1563,758,1,2,2,1,1,0,0
166,1137,0.0,1,0,1114,576,1,2,3,1,1,0,0
167,53,14.0,2,100,1145,437,1,2,1,1,1,0,0
168,2354,0.0,2,0,960,541,2,2,1,1,2,0,0
169,1475,50.0,2,0,1445,470,1,2,3,1,1,0,0
170,1761,0.0,3,171,2396,813,2,1,1,1,1,0,0
171,842,0.0,1,0,990,480,1,3,3,1,2,0,0
172,2739,96.0,2,453,1776,528,2,3,1,1,2,0,0
173,2509,0.0,2,0,600,480,1,2,2,1,6,0,0
174,1007,0.0,2,143,712,409,2,2,1,1,6,0,0
175,2610,0.0,1,0,912,440,2,2,2,3,4,0,0
176,1952,0.0,1,0,691,216,1,1,3,1,6,0,0
177,2719,99.0,2,32,1949,586,1,3,2,3,4,0,0
178,2921,0.0,1,0,546,286,1,3,3,3,4,0,1
179,1966,0.0,1,0,1242,324,1,3,2,2,4,0,0
180,292,0.0,1,0,894,0,1,3,4,1,6,0,0
181,1204,342.0,2,0,832,486,1,3,2,2,3,0,0
182,1829,0.0,2,220,1192,518,2,2,2,3,5,0,0
183,2419,0.0,2,100,738,440,2,2,1,1,6,0,0
184,391,174.0,2,0,1064,478,1,3,2,3,6,0,0
185,798,0.0,1,0,560,280,1,3,3,3,4,0,0
186,481,0.0,2,0,782,400,2,2,1,1,1,0,0
187,193,0.0,1,0,1108,315,2,2,3,3,3,0,0
188,555,0.0,1,0,980,400,2,3,3,2,5,0,0
189,899,0.0,1,0,0,528,1,4,3,4,7,0,0
190,2357,0.0,2,0,832,528,1,3,2,3,1,0,0
191,328,0.0,1,174,945,253,1,3,2,1,1,0,1
192,1356,0.0,1,0,816,275,1,4,1,1,4,0,0
193,1154,0.0,1,0,864,276,1,3,3,3,2,0,0
194,1730,0.0,2,0,783,393,1,2,1,1,6,0,0
195,2249,0.0,1,0,888,470,2,3,2,1,1,0,0
196,1119,310.0,2,168,955,880,1,2,1,1,1,0,0
197,2856,0.0,2,0,992,240,1,3,3,4,5,0,0
198,1394,0.0,1,280,533,300,1,3,2,3,6,0,0
199,2587,0.0,1,0,301,684,1,3,3,1,3,0,0
200,61,114.0,2,23,1629,962,3,2,1,1,6,0,0
201,2661,0.0,2,0,1226,432,1,3,3,1,6,0,1
202,2711,0.0,1,77,912,336,2,3,3,3,1,0,0
203,1147,120.0,2,144,832,506,2,2,2,1,1,0,0
204,757,0.0,1,0,483,379,3,2,3,1,6,0,1
205,2623,0.0,1,0,0,420,1,3,3,3,7,0,0
206,2378,0.0,2,0,855,460,1,3,2,2,2,0,0
207,1413,216.0,1,0,621,280,1,3,3,3,4,0,0
208,1722,178.0,2,120,1370,484,2,2,2,1,1,1,0
209,1112,74.0,2,100,894,668,2,2,1,1,6,0,0
210,1623,0.0,2,256,923,451,2,3,1,2,2,0,0
211,1201,270.0,2,0,901,540,1,2,2,3,2,0,0
212,1513,0.0,1,0,949,205,1,2,3,3,2,0,0
213,957,0.0,2,0,2136,513,4,3,2,3,2,0,0
214,1171,260.0,2,124,1557,484,2,1,2,1,1,0,0
215,1145,0.0,2,192,836,506,1,2,1,2,1,0,0
216,2726,123.0,1,0,1865,521,1,3,3,3,4,0,0
217,703,0.0,1,0,651,240,1,3,3,2,6,0,1
218,760,0.0,1,0,858,0,1,2,4,3,3,0,1
219,1964,0.0,1,0,1040,286,1,2,2,1,1,0,0
220,2512,218.0,2,0,691,506,1,2,3,1,1,0,0
221,159,0.0,0,264,1056,576,1,3,3,2,1,0,0
222,1281,415.0,1,0,780,483,1,3,2,3,3,0,0
223,468,0.0,2,100,684,400,3,2,1,1,6,0,0
224,290,0.0,1,0,856,399,1,3,3,3,4,0,0
225,665,0.0,1,0,720,576,1,2,1,3,6,0,0
226,1463,0.0,2,0,1128,779,1,2,3,1,6,0,0
227,1792,0.0,2,240,982,574,1,2,2,1,6,0,0
228,923,0.0,1,483,1273,307,2,3,3,1,4,0,0
229,500,921.0,2,220,1264,889,2,2,2,1,6,0,0
230,1408,0.0,1,0,1580,0,1,4,4,1,2,0,0
231,331,0.0,1,96,630,0,1,3,4,1,5,0,1
232,170,771.0,1,84,709,240,1,3,3,3,2,0,1
233,2192,0.0,1,0,768,355,1,3,3,3,3,0,0
234,2571,0.0,2,0,1360,795,1,2,3,2,1,0,0
235,2314,0.0,2,315,691,409,3,3,1,2,2,0,0
236,2647,0.0,1,50,844,216,1,3,3,3,6,0,1
237,422,726.0,3,135,1776,754,1,1,1,1,1,1,0
238,2457,0.0,1,192,2077,1134,3,1,1,1,1,0,0
239,1838,0.0,2,0,1352,466,1,2,2,1,6,0,0
240,2805,0.0,2,0,1079,685,1,2,2,1,6,0,0
241,1645,0.0,2,0,1284,480,2,3,3,3,1,0,0
242,1711,340.0,2,104,1181,656,1,1,1,1,6,1,0
243,2825,0.0,2,0,1150,502,2,2,1,1,6,0,0
244,322,0.0,2,144,2002,746,2,1,1,1,6,0,0
245,2103,306.0,2,192,1643,870,2,2,2,1,6,0,0
246,342,0.0,1,0,882,502,2,3,3,3,4,0,0
247,600,0.0,1,0,894,396,1,3,3,2,2,0,0
248,488,16.0,2,100,982,463,2,3,1,1,6,0,0
249,1725,362.0,2,210,1869,617,2,1,2,1,6,1,0
250,2246,473.0,2,123,1573,495,2,2,1,2,1,0,1
251,2847,0.0,1,0,940,240,1,3,3,1,5,0,0
252,806,0.0,2,0,1128,466,2,2,2,1,1,0,0
253,530,0.0,2,182,912,615,1,2,1,1,6,0,0
254,963,0.0,2,0,1392,576,2,2,3,3,1,0,0
255,2678,0.0,1,0,728,258,1,3,3,1,4,0,1
256,171,0.0,1,0,576,0,1,3,4,2,6,0,1
257,2401,870.0,2,0,1848,706,3,1,1,1,1,1,0
258,805,0.0,2,400,1079,473,1,2,2,1,1,0,0
259,2259,1224.0,2,274,585,461,1,2,2,2,6,0,0
260,1748,0.0,2,100,384,400,2,2,1,1,1,0,0
261,1361,0.0,1,0,768,308,1,3,3,3,4,0,1
262,1677,285.0,1,144,672,264,1,3,3,3,3,0,1
263,1406,216.0,1,0,1094,495,2,3,2,1,4,0,0
264,2322,0.0,2,0,868,422,4,2,2,1,6,0,0
265,688,420.0,1,0,780,483,1,3,3,3,6,0,0
266,143,0.0,1,250,1314,294,1,3,2,3,4,0,0
267,804,137.0,2,234,740,425,1,2,3,1,2,0,0
268,1214,259.0,1,176,1248,520,1,3,2,3,1,0,0
269,2828,82.0,1,0,547,525,1,3,1,2,1,0,1
270,1999,0.0,2,0,1214,506,1,3,3,1,4,0,0
271,2467,0.0,2,0,770,614,1,2,2,1,6,0,0
272,2665,0.0,1,36,596,576,1,2,3,1,6,0,1
273,1538,632.0,3,314,728,1014,2,2,3,1,4,0,0
274,398,0.0,1,210,864,576,1,3,3,3,2,0,0
275,2822,0.0,1,0,1176,360,1,3,3,3,2,0,0
276,2157,170.0,1,140,848,420,1,2,1,1,1,0,1
277,1856,0.0,1,168,1360,588,2,2,3,1,2,0,0
278,1269,0.0,1,0,0,420,1,3,3,2,7,0,0
279,2570,0.0,1,0,936,286,1,3,3,3,5,0,0
280,2320,0.0,2,0,893,800,2,2,1,1,6,0,0
281,1517,0.0,2,0,672,400,2,4,3,3,3,0,0
282,2304,0.0,1,0,974,0,1,3,4,3,3,0,0
283,1312,0.0,1,0,346,308,1,3,3,1,6,0,1
284,2012,0.0,1,0,735,440,1,3,3,1,2,0,1
285,506,0.0,2,168,973,467,3,2,1,1,1,0,0
286,2865,0.0,2,0,952,360,2,3,3,3,4,0,0
287,2367,408.0,1,72,483,264,1,3,3,3,3,0,1
288,554,0.0,1,0,784,360,1,3,3,3,6,0,0
289,238,0.0,1,44,1144,596,1,3,3,3,3,0,0
290,1954,53.0,1,0,920,240,2,3,3,2,2,0,0
291,2488,0.0,2,0,0,528,1,3,2,3,7,0,1
292,2291,0.0,1,0,546,286,1,3,3,1,6,0,1
293,1969,0.0,1,0,0,300,1,3,1,2,7,0,0
294,2725,0.0,1,304,1188,576,1,3,3,2,4,0,0
295,1482,147.0,1,149,848,420,1,2,2,1,1,0,1
296,2763,532.0,2,144,784,610,2,2,2,1,6,0,0
297,503,286.0,2,296,1070,647,1,2,1,1,1,0,0
298,1584,206.0,2,185,1432,467,2,2,1,1,1,0,0
299,1531,0.0,1,0,784,599,2,3,3,3,6,0,0
300,2210,423.0,2,0,979,492,2,3,3,3,4,0,0
301,459,308.0,2,231,1884,649,2,1,1,1,1,1,0
302,556,153.0,1,192,980,484,1,3,3,3,3,0,0
303,1347,0.0,2,0,1100,576,1,3,3,3,5,0,1
304,1290,0.0,1,0,672,256,1,3,3,3,6,0,1
305,1388,0.0,1,0,1006,0,1,3,4,3,1,0,0
306,1571,0.0,2,670,1499,529,2,3,1,1,2,0,0
307,2754,0.0,2,168,1286,662,1,2,2,1,6,0,0
308,765,0.0,2,0,1152,252,2,3,3,3,1,0,0
309,2494,0.0,1,0,1024,308,2,3,3,3,4,0,0
310,2870,405.0,2,0,1168,342,1,3,1,2,1,0,0
311,7,0.0,2,0,1338,582,1,2,1,1,1,0,0
312,1114,128.0,2,0,1578,642,2,2,3,2,1,0,0
313,2418,236.0,2,120,1052,632,2,2,1,1,6,0,0
314,291,0.0,3,0,0,0,1,3,4,3,7,0,0
315,18,350.0,1,113,1856,834,1,1,1,1,1,0,0
316,39,450.0,2,168,1930,606,2,1,1,1,1,1,0
317,1001,0.0,1,0,1664,528,2,2,1,1,1,0,0
318,2442,302.0,2,192,975,429,2,2,1,1,6,0,0
319,616,161.0,1,0,709,352,2,2,3,3,5,0,0
320,2680,0.0,1,0,0,0,1,3,4,2,7,0,1
321,1414,0.0,1,0,861,384,1,3,3,1,4,0,0
322,289,0.0,2,0,1026,308,1,2,3,3,5,0,0
323,40,256.0,2,0,1544,868,2,2,2,1,6,1,0
324,860,0.0,1,215,894,600,1,3,2,3,4,0,0
325,409,0.0,2,0,958,440,2,3,2,3,5,0,0
326,673,0.0,1,0,992,756,2,3,3,3,3,0,0
327,2427,14.0,2,90,1142,440,1,2,1,1,1,0,0
328,2036,0.0,1,285,976,299,1,2,1,1,5,0,1
329,2564,0.0,1,245,704,234,1,3,3,2,6,0,0
330,642,657.0,2,0,1866,495,1,3,3,1,6,0,0
331,1008,194.0,2,0,836,416,1,2,1,2,2,0,0
332,1908,567.0,2,0,928,400,1,3,3,2,4,0,0
333,2519,0.0,1,133,1235,484,2,3,1,2,1,0,0
334,1369,0.0,1,40,451,576,1,3,3,3,6,0,1
335,2855,0.0,1,0,793,216,1,3,3,2,5,0,0
336,712,0.0,1,0,624,287,1,3,3,3,6,0,1
337,1943,0.0,2,231,925,0,1,3,4,2,6,0,0
338,1958,206.0,1,0,1082,240,1,3,3,3,3,0,0
339,107,0.0,1,133,728,484,2,2,1,3,1,0,0
340,2295,0.0,1,690,1160,672,2,2,2,3,2,0,0
341,704,0.0,1,80,801,0,1,3,4,2,6,0,1
342,676,0.0,1,0,832,288,1,3,3,2,4,0,0
343,259,116.0,2,0,804,523,1,2,2,1,1,0,0
344,93,180.0,2,198,1390,713,1,2,2,1,1,0,0
345,106,0.0,2,280,975,592,2,2,2,1,1,0,0
346,2315,0.0,2,286,821,443,2,3,1,2,6,0,0
347,1050,65.0,1,0,864,264,1,3,2,3,4,0,0
348,1095,0.0,2,100,788,388,2,2,1,1,1,0,0
349,2709,305.0,1,314,1064,528,2,3,3,3,2,0,0
350,758,188.0,2,0,1020,0,4,3,4,3,4,0,1
351,1496,0.0,1,0,684,440,1,3,1,3,2,0,0
352,2370,281.0,1,0,672,264,1,3,3,2,3,0,1
353,2458,420.0,2,322,1660,500,2,2,2,1,1,0,0
354,2733,0.0,1,237,967,504,1,3,2,1,4,0,0
355,161,300.0,2,240,710,564,1,2,1,1,6,0,0
356,726,0.0,1,0,741,640,1,2,3,1,6,0,1
357,845,0.0,2,0,1431,666,2,2,1,1,1,0,0
358,947,0.0,2,210,1107,642,1,2,1,1,2,0,0
359,2232,0.0,2,0,793,0,1,4,4,3,6,0,1
360,2563,0.0,1,0,806,240,1,4,3,3,3,0,0
361,2299,198.0,1,152,1396,444,1,3,3,3,3,0,0
362,211,0.0,1,0,689,180,2,5,3,2,6,0,0
363,605,95.0,2,0,1584,888,1,3,3,3,6,0,0
364,1478,0.0,2,0,1234,484,1,2,2,1,6,0,0
365,2247,481.0,2,123,1573,538,2,2,1,1,1,0,1
366,2274,226.0,1,0,1572,995,1,3,2,2,4,0,0
367,2869,459.0,2,0,1430,621,1,2,1,1,2,0,0
368,967,0.0,2,124,912,486,2,2,1,1,6,0,0
369,2656,0.0,1,142,1162,220,1,3,3,1,2,0,1
370,667,480.0,2,0,1248,907,1,3,2,3,6,0,0
371,1042,422.0,1,411,483,352,1,3,3,2,5,0,1
372,2023,0.0,1,0,764,520,1,3,3,1,6,0,0
373,2447,877.0,2,247,1540,774,2,1,2,1,1,0,0
374,2055,0.0,1,0,814,240,1,3,3,2,5,0,0
375,2275,100.0,2,0,1732,712,2,2,1,1,1,0,0
376,2204,0.0,1,0,912,216,1,2,3,2,6,0,0
377,1563,174.0,2,128,1594,482,2,2,1,1,1,0,1
378,483,166.0,2,172,1314,626,1,2,2,1,1,1,0
379,796,149.0,2,0,1049,266,1,2,1,3,1,0,0
380,1526,0.0,2,0,840,308,1,3,3,1,6,0,0
381,2042,0.0,1,0,925,308,2,3,3,3,6,0,1
382,442,285.0,2,200,1774,850,2,1,1,1,1,1,0
383,1693,190.0,2,120,1108,670,1,1,1,1,6,1,0
384,1468,0.0,2,144,915,493,1,2,3,1,1,0,0
385,1430,0.0,2,339,1182,438,2,3,3,1,5,0,0
386,2605,0.0,2,142,954,520,1,3,3,3,3,0,0
387,1529,0.0,2,85,798,180,1,2,3,1,2,0,0
388,335,189.0,1,261,1188,312,2,3,3,3,4,0,0
389,1287,0.0,1,0,780,400,1,3,3,1,6,0,1
390,31,492.0,1,0,525,320,1,3,3,3,4,0,1
391,1785,205.0,2,171,1726,786,1,1,1,1,1,0,0
392,82,130.0,2,0,650,476,1,3,3,3,6,0,0
393,2620,0.0,1,199,910,597,1,2,3,2,4,0,0
394,252,0.0,2,0,1226,740,2,2,2,1,6,0,0
395,721,0.0,1,0,624,0,1,3,4,1,6,0,0
396,2165,0.0,2,0,1330,437,1,2,1,1,6,0,0
397,2316,0.0,2,95,802,413,2,3,1,2,1,0,0
398,775,0.0,1,120,858,576,2,3,3,3,1,0,0
399,1558,0.0,1,0,894,1248,1,3,2,3,6,0,0
400,17,0.0,2,325,559,492,2,3,2,2,1,0,0
401,1022,194.0,2,467,1782,551,1,2,1,3,2,0,0
402,925,0.0,1,192,731,186,2,3,3,1,6,0,0
403,438,250.0,2,169,1709,908,2,2,2,1,6,1,0
404,1270,0.0,2,0,1075,404,1,3,3,2,2,0,0
405,1272,0.0,1,0,1027,299,1,3,3,3,3,0,0
406,215,0.0,2,56,856,450,1,3,3,2,5,0,0
407,266,223.0,2,192,941,613,2,2,2,1,1,0,0
408,2402,280.0,2,179,1058,736,1,1,1,1,1,1,0
409,1250,0.0,1,0,952,840,1,3,3,3,2,0,0
410,1984,435.0,1,0,907,672,1,3,3,3,4,0,1
411,1279,0.0,1,0,768,480,1,3,3,2,1,0,0
412,377,229.0,2,178,1043,441,2,2,2,3,2,0,0
413,1252,0.0,2,0,0,301,1,3,1,2,7,0,0
414,2156,438.0,2,0,1220,556,1,2,2,1,1,0,0
415,499,975.0,2,250,1225,676,2,2,1,1,1,0,0
416,1374,0.0,2,0,720,312,1,3,3,3,6,0,0
417,2898,0.0,2,0,1216,693,3,3,1,1,5,0,0
418,401,0.0,1,216,864,576,1,3,3,2,2,0,0
419,2721,67.0,2,0,1134,484,1,3,2,1,4,0,0
420,2078,300.0,3,0,1288,527,2,2,1,1,5,0,0
421,2589,0.0,1,0,1056,300,1,3,1,2,4,0,0
422,1946,0.0,3,0,666,1200,1,2,3,2,6,0,0
423,1334,0.0,1,38,554,200,1,3,3,1,6,0,1
424,2781,150.0,2,468,1541,843,2,2,2,1,6,0,0
425,431,305.0,2,156,2006,900,1,1,1,1,1,1,0
426,576,0.0,1,133,1226,484,2,2,1,3,1,0,0
427,1474,196.0,2,0,856,548,1,2,2,1,1,0,0
428,2254,50.0,1,192,852,360,2,3,3,3,4,0,0
429,2155,215.0,2,257,1626,702,2,2,1,1,1,0,0
430,885,0.0,2,0,0,520,1,2,1,1,7,0,0
431,643,80.0,1,0,1062,297,2,3,3,2,2,0,0
432,1944,0.0,1,0,845,576,1,2,3,3,2,0,0
433,480,0.0,2,300,846,434,2,2,1,1,6,0,0
434,2845,0.0,1,212,616,275,1,2,3,3,6,0,0
435,2387,380.0,3,240,1158,853,2,2,2,1,6,1,0
436,2407,94.0,2,132,1368,474,2,2,2,1,6,1,0
437,2527,420.0,2,0,708,776,1,3,2,2,2,0,0
438,2514,0.0,2,0,530,496,2,2,2,1,6,0,0
439,629,216.0,1,0,1392,576,1,3,2,2,6,0,0
440,80,0.0,2,370,996,457,2,2,2,1,3,0,0
441,1876,196.0,2,0,1214,318,2,3,2,3,3,0,0
442,1546,0.0,1,0,720,240,1,3,3,2,6,0,1
443,2518,0.0,1,198,1208,546,2,3,2,3,2,0,0
444,2347,130.0,1,140,988,582,2,3,2,3,1,0,0
445,783,0.0,1,0,1437,452,2,1,3,1,1,0,0
446,1322,0.0,1,0,723,400,1,3,3,3,6,0,1
447,194,0.0,1,135,765,200,1,2,3,3,4,0,1
448,1770,594.0,2,239,1379,834,2,2,1,1,1,0,0
449,2143,0.0,1,155,864,576,1,1,1,2,2,0,0
450,1229,288.0,1,60,864,492,2,2,3,3,2,0,0
451,511,260.0,2,0,1702,844,1,2,2,1,1,0,0
452,46,128.0,2,192,1358,484,2,2,2,1,1,1,0
453,1348,0.0,2,90,952,468,1,3,3,2,6,0,1
454,2465,0.0,2,0,756,615,1,2,2,1,6,0,0
455,387,0.0,2,225,972,565,1,2,2,1,1,0,0
456,873,209.0,2,60,1417,511,1,2,3,1,1,0,0
457,1918,54.0,1,0,1008,308,2,4,3,1,1,0,0
458,2764,0.0,2,120,908,506,2,2,1,1,1,0,0
459,2184,0.0,1,144,960,392,1,4,3,1,4,0,0
460,934,0.0,1,176,561,462,1,2,1,3,2,0,1
461,1920,0.0,1,0,1056,308,1,3,2,4,4,0,0
462,2631,266.0,1,188,660,453,1,3,2,3,3,0,0
463,1768,1170.0,3,382,2444,832,2,1,1,1,1,0,0
464,2040,0.0,1,0,1196,440,1,3,3,1,5,0,1
465,1749,0.0,2,100,847,434,2,2,1,1,6,0,0
466,834,0.0,2,150,1449,525,2,2,3,2,1,0,0
467,1457,227.0,2,0,1257,570,1,2,2,1,6,0,0
468,79,0.0,1,353,744,264,1,3,3,3,2,0,0
469,2302,0.0,1,168,816,264,1,3,3,3,2,0,0
470,1817,0.0,1,240,840,504,2,2,2,2,2,0,0
471,2755,240.0,2,144,1614,865,2,2,2,1,1,0,0
472,359,0.0,2,0,707,409,2,2,1,2,1,0,0
473,2059,89.0,1,0,876,264,2,3,2,3,4,0,0
474,2092,246.0,2,127,700,746,1,2,2,2,2,0,0
475,2516,0.0,2,0,1568,564,2,2,2,1,6,0,0
476,150,0.0,1,0,864,318,1,4,3,3,3,0,0
477,1656,263.0,2,208,780,462,1,3,1,1,4,0,0
478,83,0.0,1,121,816,429,1,3,3,3,6,0,0
479,2411,0.0,2,100,1316,397,1,2,1,1,1,0,0
480,795,0.0,1,186,0,290,2,3,3,1,7,0,0
481,2312,285.0,2,0,964,642,2,2,1,2,6,0,0
482,2917,0.0,1,0,630,0,1,1,4,1,1,0,1
483,1624,0.0,2,0,691,420,1,2,1,2,4,0,0
484,2215,0.0,2,0,965,380,1,3,3,3,3,0,0
485,1211,0.0,1,426,1136,384,1,3,2,3,4,0,0
486,1485,169.0,1,140,848,420,1,2,1,1,1,0,1
487,1024,621.0,2,0,1211,461,1,2,1,3,2,0,0
488,570,252.0,1,0,1145,641,2,2,1,1,1,0,0
489,2874,0.0,1,96,861,506,1,3,1,1,2,0,1
490,700,0.0,2,0,994,432,1,3,2,3,6,0,1
491,2756,0.0,2,351,1498,675,2,2,2,1,6,0,0
492,2022,0.0,2,0,1100,408,1,3,3,1,6,0,1
493,583,240.0,2,235,1107,484,2,3,2,1,2,0,0
494,2392,286.0,3,147,1175,736,2,1,1,1,1,1,0
495,2424,18.0,2,144,1375,398,1,2,1,1,6,0,1
496,212,0.0,1,0,1212,0,1,3,4,3,4,0,0
497,736,0.0,1,0,884,216,1,3,3,1,6,0,1
498,1610,232.0,2,305,784,530,2,3,2,1,2,0,0
499,890,0.0,1,0,1014,544,1,3,1,3,1,0,0
500,467,0.0,2,36,742,390,3,2,1,1,6,0,0
501,578,200.0,2,0,392,527,1,3,3,1,6,0,0
502,1747,0.0,2,100,835,437,3,2,1,1,1,0,0
503,1149,0.0,2,0,1199,530,1,2,2,1,1,0,0
504,2758,0.0,2,0,1836,495,1,2,2,2,1,0,0
505,857,90.0,1,0,864,336,2,3,3,1,2,0,0
506,2219,0.0,2,0,853,440,1,2,3,3,4,0,0
507,733,0.0,1,0,952,192,1,4,3,4,6,0,0
508,2909,0.0,1,141,264,336,1,3,2,3,6,0,1
509,1798,0.0,2,208,1088,1025,1,2,2,1,6,0,0
510,235,0.0,2,0,972,480,1,4,2,3,3,0,0
511,2366,200.0,1,0,765,440,1,2,3,2,5,0,1
512,1027,0.0,1,0,720,484,1,3,3,2,3,0,0
513,1195,0.0,1,233,912,576,1,3,3,1,2,0,0
514,1303,0.0,1,76,407,297,1,3,3,3,6,0,1
515,148,432.0,1,0,1244,440,1,3,3,1,4,0,0
516,608,144.0,1,0,1292,520,2,3,3,3,5,0,0
517,2515,0.0,2,0,569,434,2,2,3,1,6,0,0
518,821,270.0,2,172,1622,860,2,1,2,1,6,0,0
519,2500,284.0,2,127,1288,462,1,2,3,1,6,0,0
520,745,0.0,1,0,960,264,1,3,3,2,6,0,1
521,741,0.0,1,112,927,576,1,3,3,3,6,0,1
522,1611,0.0,2,0,686,288,2,3,3,1,6,0,0
523,2532,0.0,2,68,980,384,1,3,1,2,2,0,0
524,1081,143.0,2,156,1415,644,1,2,1,1,1,0,0
525,1692,456.0,2,268,1934,1040,1,1,2,1,1,1,0
526,2520,0.0,1,133,1036,484,2,2,1,3,1,0,0
527,276,0.0,2,0,0,0,1,3,4,3,7,0,0
528,1992,0.0,1,0,702,250,1,2,3,2,6,0,1
529,663,0.0,1,0,416,0,1,2,4,2,6,0,0
530,418,0.0,1,150,836,345,1,3,3,3,2,0,0
531,1733,0.0,2,0,698,350,2,2,3,1,6,0,0
532,2359,176.0,2,295,1103,462,1,3,3,3,2,0,0
533,253,80.0,2,0,1222,615,1,2,2,1,1,0,0
534,1518,0.0,2,262,720,240,1,2,3,1,5,0,0
535,2035,0.0,1,0,780,544,1,2,3,3,6,0,1
536,2919,0.0,1,0,546,0,1,3,4,3,6,0,1
537,1540,0.0,2,0,832,506,1,2,1,1,1,0,0
538,2120,0.0,1,0,1022,747,3,3,3,2,2,0,0
539,1674,0.0,2,136,1337,511,2,2,1,1,6,0,0
540,256,80.0,1,0,1010,440,1,3,3,2,1,0,0
541,2361,0.0,1,0,864,280,1,3,3,2,6,0,0
542,978,0.0,1,0,630,286,1,3,3,3,1,0,1
543,2280,134.0,0,0,920,460,2,3,1,1,4,0,1
544,2095,340.0,2,0,807,575,1,2,1,2,1,0,0
545,1709,388.0,2,184,1136,872,2,2,1,1,1,1,0
546,2801,0.0,2,253,1108,583,1,2,2,1,1,0,0
547,1246,52.0,1,0,720,240,1,2,3,1,4,0,0
548,2373,297.0,1,0,483,288,1,3,3,3,6,0,1
549,1055,302.0,2,209,1582,905,1,2,1,1,1,1,0
550,2017,0.0,1,25,756,379,1,2,3,2,2,0,1
551,1099,1290.0,2,0,1173,516,1,2,1,1,6,0,0
552,1344,0.0,1,0,0,164,1,3,3,2,7,0,1
553,835,0.0,2,486,1013,538,3,3,1,3,5,0,0
554,1117,256.0,2,0,1417,554,2,1,2,1,6,0,0
555,2043,0.0,1,0,672,0,2,3,4,1,5,0,1
556,2085,149.0,2,0,1038,264,1,3,2,2,5,0,0
557,410,0.0,2,108,804,440,1,3,2,3,2,0,0
558,2650,0.0,1,0,648,440,1,3,3,3,6,0,1
559,2867,0.0,1,0,697,365,2,3,3,1,6,0,0
560,1668,0.0,1,0,950,280,2,3,3,3,3,0,0
561,1161,0.0,2,0,625,625,2,2,1,1,6,0,0
562,2122,0.0,2,0,1200,521,3,2,2,1,2,0,0
563,2539,140.0,1,0,1141,568,1,3,3,2,2,0,0
564,1047,0.0,2,0,1069,440,1,3,2,3,2,0,0
565,1445,0.0,1,145,938,308,2,3,3,3,5,0,0
566,541,0.0,1,0,1114,0,1,2,4,1,6,0,0
567,569,280.0,2,0,1726,561,2,2,1,1,6,0,0
568,1276,0.0,1,0,832,528,1,2,3,2,6,0,0
569,918,0.0,1,0,600,215,1,3,3,1,6,0,0
570,326,0.0,2,328,1344,686,1,3,3,1,6,0,0
571,1936,0.0,1,152,925,252,1,2,3,3,4,0,0
572,895,0.0,1,0,876,320,1,3,3,3,5,0,0
573,257,0.0,1,71,870,580,1,3,3,2,1,0,0
574,1241,187.0,1,490,1395,441,2,3,2,1,5,0,0
575,1545,0.0,1,0,894,195,1,3,3,3,4,0,1
576,1189,144.0,2,55,1258,528,1,2,2,1,2,0,0
577,270,169.0,1,160,848,420,1,2,2,1,1,0,1
578,2066,356.0,3,128,671,638,1,3,3,4,3,0,0
579,693,0.0,1,74,440,440,1,3,3,2,6,0,1
580,1259,0.0,1,0,892,1488,1,3,3,1,6,0,0
581,2916,194.0,1,160,1104,336,1,3,2,4,4,0,0
582,2321,248.0,2,237,1700,773,2,2,1,1,1,0,0
583,1977,0.0,1,0,1022,184,1,4,3,3,5,0,1
584,1895,212.0,1,0,1130,286,2,3,2,3,2,0,0
585,1240,0.0,1,0,1261,433,1,3,2,1,2,0,0
586,85,0.0,1,192,1109,576,2,2,3,3,2,0,0
587,1823,0.0,1,168,1040,544,1,4,2,3,2,0,0
588,825,352.0,2,154,1838,524,2,2,2,1,1,0,0
589,110,0.0,2,277,1492,596,1,2,2,1,1,0,0
590,697,0.0,1,0,240,472,1,2,3,3,6,0,1
591,2297,0.0,1,129,796,0,1,3,4,3,1,0,0
592,1231,136.0,1,0,1144,456,1,3,3,2,4,0,0
593,1355,0.0,1,0,883,240,1,3,3,2,4,0,0
594,968,584.0,2,270,1838,765,1,1,1,1,1,0,0
595,584,0.0,2,297,752,784,2,2,2,3,1,0,0
596,1315,0.0,1,240,572,0,1,2,4,1,6,0,1
597,1606,0.0,1,0,816,816,1,3,1,1,1,0,0
598,206,0.0,1,106,816,516,3,3,3,3,5,0,1
599,1685,378.0,2,186,1790,730,1,1,1,1,1,1,0
600,2016,0.0,1,174,966,230,1,3,3,1,6,0,1
601,869,0.0,2,256,944,608,1,2,2,1,6,0,0
602,2135,0.0,1,0,864,440,2,3,3,3,3,0,0
603,2346,120.0,2,306,796,566,2,3,1,3,1,0,0
604,2430,45.0,2,161,1356,648,1,2,1,1,1,0,0
605,2198,0.0,1,0,768,200,1,3,3,4,6,0,0
606,2652,0.0,1,0,960,576,1,3,3,3,1,0,1
607,27,0.0,1,240,882,525,1,3,1,3,2,0,0
608,241,0.0,2,100,1212,460,1,2,2,1,1,0,0
609,906,88.0,1,0,832,250,1,3,3,3,5,0,0
610,1506,0.0,1,42,585,0,1,1,4,2,6,0,0
611,2098,340.0,3,125,1466,1052,1,2,2,1,1,0,0
612,1435,150.0,2,208,1418,558,2,2,2,1,1,0,0
613,2213,0.0,1,174,0,400,3,3,1,4,7,0,0
614,1274,0.0,2,108,768,576,1,3,3,1,2,0,0
615,743,0.0,1,0,264,0,1,4,4,4,6,0,1
616,1737,0.0,2,100,1340,396,2,2,1,1,1,0,0
617,2797,261.0,2,197,1090,646,2,2,1,1,1,0,0
618,2185,128.0,2,0,0,0,1,4,4,3,7,0,0
619,58,0.0,2,180,384,400,2,3,1,1,1,0,0
620,830,82.0,2,132,1232,632,1,2,2,1,1,0,0
621,808,0.0,2,0,0,410,1,3,3,3,7,0,0
622,680,0.0,1,0,1208,240,1,3,3,2,4,0,0
623,1153,0.0,1,0,890,308,1,3,3,2,2,0,0
624,1291,0.0,1,0,728,308,1,2,3,2,6,0,1
625,1818,320.0,2,0,0,630,1,3,3,3,7,0,0
626,2161,0.0,2,0,738,552,2,2,2,1,6,0,0
627,1883,66.0,1,74,1065,461,2,3,3,2,6,0,0
628,350,0.0,2,182,2208,564,2,2,1,1,1,0,0
629,2473,0.0,1,0,1131,0,1,2,4,1,6,0,0
630,295,430.0,2,0,1032,484,1,3,3,1,2,0,0
631,293,0.0,2,272,804,336,1,2,3,1,6,0,0
632,859,0.0,1,0,864,338,2,3,3,1,3,0,0
633,288,0.0,1,0,864,200,1,3,3,3,4,0,0
634,1578,0.0,2,100,384,400,1,2,1,2,6,0,0
635,102,1159.0,2,0,756,440,1,2,3,1,1,0,0
636,2831,50.0,2,0,970,380,1,2,3,1,6,0,1
637,1030,120.0,2,0,1444,473,1,3,3,3,6,0,0
638,2551,88.0,1,0,1248,286,1,3,3,1,2,0,0
639,1286,0.0,2,70,650,686,1,2,3,2,6,0,1
640,958,70.0,2,228,1620,912,2,1,1,1,1,0,0
641,776,0.0,1,0,840,528,2,3,3,3,2,0,0
642,72,0.0,2,0,1468,528,1,2,1,1,1,0,0
643,2263,80.0,2,100,1571,722,2,2,1,1,6,0,0
644,1866,0.0,1,160,973,480,2,3,3,1,3,0,0
645,2876,0.0,1,184,641,272,1,4,3,2,6,0,1
646,2146,149.0,2,192,1284,647,1,2,2,1,6,0,0
647,103,0.0,2,0,696,484,1,2,3,1,2,0,0
648,1500,80.0,1,0,547,525,1,3,2,1,1,0,1
649,492,0.0,2,0,841,502,4,3,1,1,6,0,0
650,167,0.0,1,0,1175,484,2,3,2,1,4,0,0
651,2597,0.0,1,0,833,326,1,2,3,1,4,0,0
652,2685,0.0,1,0,993,280,1,3,3,3,6,0,1
653,1035,0.0,1,180,1054,460,1,3,3,2,2,0,0
654,1220,0.0,1,0,0,287,2,3,3,3,7,0,0
655,2602,0.0,2,49,663,528,1,3,3,1,4,0,0
656,2159,0.0,2,100,847,434,1,2,1,1,6,0,0
657,695,0.0,2,0,972,324,1,3,3,2,5,0,1
658,1109,448.0,2,171,1223,525,2,2,2,1,1,0,0
659,640,399.0,1,0,1362,884,1,3,3,3,4,0,0
660,1652,233.0,2,0,1032,564,2,3,3,3,2,0,0
661,2090,0.0,2,0,1105,515,1,2,3,1,6,0,0
662,1188,0.0,1,25,1740,512,1,3,2,4,4,0,0
663,2345,34.0,2,0,795,539,2,2,1,4,2,0,0
664,1059,270.0,2,212,1850,850,1,1,1,1,1,1,0
665,2751,0.0,2,0,1308,848,3,2,2,1,6,0,0
666,128,265.0,2,0,1140,400,1,3,3,2,5,0,0
667,1523,0.0,2,248,960,480,1,3,3,1,2,0,0
668,2925,0.0,1,474,1224,576,1,3,3,1,2,0,0
669,2145,246.0,2,168,2000,888,1,2,1,1,1,0,0
670,1121,0.0,2,192,1363,588,1,2,2,1,1,0,0
671,566,0.0,2,0,1376,704,1,2,1,1,6,0,0
672,565,196.0,2,502,975,524,1,2,3,1,1,0,0
673,1331,0.0,2,0,1024,240,1,3,3,3,4,0,0
674,2928,0.0,1,80,912,0,1,3,4,3,1,0,0
675,156,104.0,1,0,1086,490,1,3,3,2,2,0,0
676,797,0.0,1,0,768,281,1,3,3,2,5,0,0
677,327,0.0,1,120,546,286,1,3,2,3,3,0,1
678,2859,0.0,1,0,817,318,1,3,3,2,6,0,0
679,1453,0.0,1,196,780,352,1,3,3,1,2,0,0
680,1762,515.0,2,76,1779,925,2,2,1,1,1,0,0
681,1868,0.0,2,202,1124,515,2,2,2,3,3,0,0
682,1760,0.0,2,460,941,460,2,3,2,1,6,0,0
683,1113,53.0,2,144,1574,824,2,2,2,1,1,0,0
684,1812,0.0,2,144,864,492,3,2,2,1,2,0,0
685,117,0.0,1,0,715,441,1,3,2,3,2,0,0
686,1142,258.0,2,224,1408,575,1,2,2,1,1,0,0
687,2342,420.0,2,351,1910,722,2,1,3,1,1,0,0
688,927,0.0,1,0,1112,390,1,3,3,1,4,0,0
689,2478,0.0,2,150,941,688,2,3,2,1,6,0,0
690,655,0.0,1,0,792,366,1,3,3,2,6,0,0
691,2064,0.0,1,204,912,315,1,2,3,1,4,0,0
692,369,16.0,2,168,1530,430,2,2,1,1,2,0,0
693,2239,0.0,1,0,1012,308,1,3,3,3,6,0,1
694,2732,0.0,1,0,1453,445,2,2,2,2,1,0,0
695,1653,98.0,2,204,1153,495,1,2,1,3,2,0,0
696,959,0.0,2,208,846,650,2,2,2,2,6,0,0
697,2395,142.0,2,120,1524,784,2,1,1,1,1,1,0
698,1412,0.0,1,0,864,0,1,3,4,4,1,0,0
699,271,171.0,2,0,1657,502,3,2,1,1,3,0,0
700,1484,205.0,1,149,848,420,1,2,2,1,1,0,1
701,1497,0.0,1,252,1132,451,1,2,1,1,1,0,0
702,552,0.0,2,0,0,612,1,3,3,3,7,0,0
703,2,0.0,1,140,882,730,1,3,3,3,4,0,0
704,1855,600.0,2,180,2002,546,1,2,2,1,1,0,0
705,4,0.0,2,0,2110,522,1,1,1,1,2,0,0
706,2292,0.0,1,120,1029,539,2,3,2,3,2,0,0
707,134,200.0,1,0,1268,244,1,3,1,2,5,0,0
708,646,0.0,1,0,1005,672,1,4,3,3,6,0,0
709,42,615.0,2,192,1698,730,1,1,1,1,1,1,0
710,532,0.0,2,192,1553,588,2,2,2,1,1,0,0
711,713,0.0,2,0,736,0,1,3,4,2,6,0,1
712,2561,144.0,1,0,1056,280,1,3,2,1,2,0,0
713,2360,0.0,1,240,1096,299,2,3,1,1,3,0,0
714,1333,0.0,1,0,672,240,1,2,3,1,2,0,1
715,1407,0.0,3,486,907,360,3,3,3,3,6,0,0
716,2892,293.0,2,320,1210,628,2,2,2,1,1,0,0
717,574,456.0,2,115,970,480,1,2,1,1,1,0,0
718,1227,0.0,1,0,992,377,1,2,2,2,3,0,0
719,2591,0.0,1,0,929,791,1,3,3,1,6,0,0
720,1476,266.0,2,139,1436,484,1,2,3,1,1,0,0
721,1125,768.0,2,140,1053,648,1,2,2,1,6,0,0
722,1446,220.0,2,210,985,328,1,3,3,3,1,0,0
723,408,268.0,2,185,630,264,1,3,3,3,2,0,1
724,1101,350.0,2,192,1145,836,2,2,2,1,1,0,0
725,2251,166.0,2,168,1441,650,1,2,1,1,1,0,0
726,373,209.0,2,192,1386,544,1,3,1,3,2,0,0
727,2554,0.0,1,125,938,273,1,3,3,1,6,0,0
728,2382,232.0,2,0,1618,880,1,2,1,1,6,1,0
729,1985,0.0,1,0,570,252,1,3,3,2,5,0,1
730,519,72.0,2,135,1300,552,1,2,2,1,1,0,0
731,1093,318.0,2,0,936,451,2,3,1,1,6,0,0
732,864,198.0,2,192,1068,570,2,2,2,1,6,0,0
733,2889,90.0,1,0,975,504,1,3,3,3,1,0,0
734,2308,302.0,1,0,1617,963,2,3,3,4,4,0,0
735,986,0.0,1,40,796,480,2,3,3,1,1,0,0
736,1302,0.0,1,0,904,869,1,3,3,1,4,0,1
737,585,0.0,1,294,723,497,2,3,3,3,3,0,0
738,2708,0.0,1,192,1059,264,1,3,2,3,1,0,0
739,147,91.0,1,0,1206,312,2,3,2,4,4,0,0
740,1441,99.0,2,192,1494,530,2,2,2,1,1,0,0
741,383,44.0,2,448,780,484,2,2,3,1,2,0,0
742,285,145.0,1,116,1216,364,1,3,3,1,4,0,0
743,181,0.0,1,0,1008,315,1,3,3,3,4,0,1
744,358,68.0,2,232,680,420,3,3,1,2,2,0,0
745,780,366.0,1,131,825,336,1,3,3,1,6,0,0
746,258,0.0,2,0,878,513,2,3,2,1,2,0,0
747,1865,525.0,2,0,1008,570,1,3,2,3,4,0,0
748,692,0.0,1,0,818,210,1,3,3,3,4,0,1
749,2902,208.0,2,326,1868,880,1,2,2,1,1,0,0
750,508,240.0,2,120,1696,972,2,2,2,1,6,0,0
751,2638,264.0,1,0,1212,240,1,3,3,2,4,0,1
752,36,0.0,2,26,855,440,1,3,3,4,2,0,0
753,611,115.0,1,180,1127,645,2,3,2,3,4,0,0
754,2281,0.0,1,0,1064,648,1,3,3,2,2,0,0
755,1678,265.0,1,0,672,264,1,1,3,1,6,0,1
756,1696,456.0,2,130,2552,932,1,1,1,1,1,1,0
757,1557,0.0,1,0,356,195,1,3,3,3,6,0,0
758,2180,0.0,2,0,734,489,1,3,1,2,1,0,0
759,1726,176.0,2,0,1324,550,1,2,1,1,1,1,0
760,951,0.0,1,319,902,351,1,3,3,1,2,0,0
761,267,0.0,2,331,1040,621,1,2,1,1,6,0,0
762,2706,51.0,1,0,1051,459,1,3,3,2,4,0,0
763,2221,106.0,2,0,1477,416,1,2,1,1,1,0,0
764,1357,0.0,2,64,1242,360,1,3,4,2,4,0,1
765,2901,198.0,2,172,1728,714,1,2,1,1,1,0,0
766,347,32.0,2,48,384,390,1,3,1,2,1,0,0
767,2164,0.0,2,100,1169,578,1,2,2,1,1,0,0
768,1586,226.0,2,168,1482,749,1,2,1,1,1,0,0
769,360,45.0,2,0,1181,430,1,2,3,1,6,0,0
770,1769,0.0,2,180,1117,455,2,3,3,1,1,0,0
771,2617,58.0,2,0,0,484,1,2,3,2,7,0,0
772,1879,84.0,2,155,1728,352,2,3,3,3,1,0,0
773,991,0.0,2,0,1205,550,2,3,1,1,3,0,0
774,1535,0.0,1,64,884,225,2,3,3,3,6,0,0
775,1191,0.0,2,0,1625,484,1,3,3,1,6,0,0
776,1579,60.0,2,0,796,666,2,2,1,1,6,0,0
777,1882,0.0,1,0,958,301,2,3,2,3,3,0,0
778,1510,0.0,2,0,941,548,1,3,3,1,6,0,0
779,2196,0.0,2,0,1296,0,1,3,4,4,4,0,0
780,1845,513.0,2,0,756,440,1,2,3,1,1,0,0
781,2336,550.0,3,272,1390,660,2,1,1,1,6,0,0
782,942,0.0,1,0,596,189,1,3,3,3,6,0,1
783,861,0.0,1,192,768,396,1,3,1,2,1,0,0
784,2555,0.0,1,0,747,305,2,3,3,3,2,0,0
785,1392,0.0,1,511,1383,354,1,3,3,3,3,0,0
786,2099,306.0,2,204,1643,870,1,2,1,1,6,0,0
787,1543,0.0,1,213,516,462,1,3,3,3,1,0,1
788,948,0.0,1,168,1434,670,2,2,2,1,1,0,0
789,1239,0.0,2,150,1248,480,1,2,2,3,2,0,0
790,22,81.0,2,0,1053,528,1,2,2,3,1,0,0
791,2796,295.0,2,0,1654,900,1,2,3,1,1,0,0
792,2747,85.0,2,165,1298,403,1,2,3,3,1,0,0
793,92,504.0,2,32,1231,762,2,2,2,1,5,0,0
794,210,90.0,2,0,1422,365,2,3,3,2,4,0,0
795,1858,0.0,1,133,1057,571,2,2,1,3,1,0,0
796,2228,0.0,1,135,1004,509,2,3,3,2,1,0,1
797,447,268.0,2,0,1502,644,2,2,2,1,6,1,0
798,827,180.0,2,123,1604,660,1,2,2,1,1,0,0
799,1649,549.0,2,192,780,481,2,2,1,3,2,0,0
800,682,0.0,1,0,1029,294,1,3,3,3,5,0,0
801,2698,0.0,1,0,984,308,1,3,3,3,5,0,1
802,494,0.0,2,0,384,410,2,3,1,1,6,0,0
803,214,0.0,1,0,707,0,2,3,4,3,4,0,0
804,2441,0.0,3,400,1035,617,2,2,2,2,6,0,0
805,2679,0.0,1,0,768,450,1,3,3,3,4,0,1
806,1336,0.0,1,0,949,370,1,3,3,1,6,0,1
807,465,0.0,2,100,728,390,1,2,1,1,6,0,0
808,1524,0.0,1,0,644,369,1,3,3,1,3,0,0
809,2543,0.0,1,0,864,624,1,3,3,3,3,0,0
810,631,164.0,1,257,1169,286,1,3,2,3,2,0,0
811,2452,501.0,2,200,1290,803,2,2,1,1,1,0,0
812,228,328.0,2,335,672,440,2,3,1,3,4,0,0
813,126,144.0,2,0,1728,0,2,3,4,3,3,0,0
814,1092,176.0,2,192,1350,484,2,2,2,1,1,1,0
815,1122,0.0,2,0,1372,529,1,2,1,1,6,0,0
816,932,420.0,1,0,1310,576,1,3,3,1,5,0,0
817,1980,0.0,1,0,641,273,1,3,3,2,6,0,1
818,2171,48.0,1,120,960,432,1,3,1,3,4,0,0
819,551,141.0,2,0,676,465,2,3,2,3,4,0,0
820,2768,0.0,2,0,1388,522,1,3,2,2,5,0,0
821,2056,0.0,1,0,894,384,2,3,2,3,4,0,0
822,1159,568.0,2,294,1848,636,1,2,1,1,3,0,0
823,2645,0.0,2,0,938,576,1,4,3,2,6,0,1
824,1174,216.0,2,20,672,462,1,2,3,1,1,0,0
825,2266,117.0,2,168,1156,400,2,2,2,1,5,0,0
826,2462,0.0,3,0,2036,792,1,1,2,1,1,0,0
827,1219,0.0,1,290,1118,264,2,2,2,1,3,0,0
828,2922,0.0,2,40,1728,574,2,3,3,3,4,0,0
829,118,172.0,1,0,1232,490,1,3,2,3,4,0,0
830,474,11.0,2,100,1145,397,1,2,1,1,1,0,0
831,2576,175.0,1,0,1383,292,1,3,2,3,4,0,0
832,872,164.0,2,194,1822,523,1,2,1,1,1,0,0
833,1077,196.0,2,0,1342,550,1,2,2,1,1,1,0
834,1536,88.0,1,66,1091,344,2,3,1,4,4,0,0
835,1150,0.0,1,145,984,384,1,3,2,3,3,0,0
836,2341,238.0,2,180,1814,758,2,2,1,1,1,0,0
837,1931,0.0,1,63,864,336,1,1,3,2,3,0,0
838,2785,0.0,1,0,971,300,2,3,3,3,2,0,0
839,2538,0.0,1,182,1051,264,2,3,2,3,3,0,0
840,597,252.0,2,0,1165,498,1,3,2,2,2,0,0
841,464,106.0,2,0,764,474,1,2,2,1,1,1,0
842,233,0.0,0,268,1332,586,1,2,1,3,1,0,0
843,2169,162.0,1,405,936,384,1,3,3,2,2,0,0
844,2123,0.0,2,142,635,497,2,2,2,1,1,0,0
845,1867,196.0,1,0,1295,528,1,3,1,4,2,0,0
846,137,287.0,2,301,1947,576,1,3,2,3,1,0,0
847,515,0.0,2,168,900,644,1,2,2,1,1,0,0
848,933,0.0,1,279,516,452,1,3,3,3,6,0,1
849,2784,123.0,2,386,995,672,2,3,3,3,2,0,0
850,972,320.0,2,0,1204,412,1,3,1,1,1,0,1
851,599,0.0,2,0,1372,457,1,3,3,3,4,0,0
852,2614,207.0,1,168,864,288,1,2,3,1,3,0,0
853,2582,0.0,1,42,943,600,2,3,3,3,1,0,0
854,1409,0.0,2,72,1163,396,1,3,1,1,6,0,0
855,175,0.0,2,0,840,379,1,3,3,2,6,0,1
856,352,0.0,2,168,1418,495,2,3,1,1,1,0,0
857,976,0.0,1,0,630,286,1,2,3,3,1,0,1
858,2134,101.0,2,144,840,500,1,2,2,1,6,0,0
859,984,0.0,1,0,833,0,2,3,4,1,2,0,0
860,2396,0.0,2,208,1896,708,2,1,1,1,1,1,0
861,1673,182.0,1,120,723,367,1,3,1,1,1,0,0
862,404,312.0,1,0,765,440,1,3,3,3,5,0,1
863,607,217.0,1,172,1313,610,1,2,2,3,2,0,0
864,814,216.0,0,120,1094,672,1,2,3,3,1,0,0
865,868,0.0,2,0,840,550,1,2,2,1,6,0,0
866,2271,203.0,2,0,1491,571,2,3,1,1,6,0,0
867,1633,0.0,2,219,1190,577,2,2,1,2,1,0,0
868,337,0.0,4,200,1216,616,1,3,3,2,6,0,0
869,2765,621.0,2,168,1624,390,2,3,3,4,4,0,0
870,1746,0.0,2,144,1530,630,4,2,1,1,1,0,0
871,368,464.0,2,322,2046,834,2,2,1,1,6,0,0
872,2806,0.0,2,0,1390,545,1,2,2,1,1,0,0
873,1662,0.0,2,0,1084,488,1,3,3,3,2,0,0
874,1234,410.0,2,0,1104,480,1,2,2,1,3,0,0
875,1373,0.0,1,0,952,322,1,3,3,1,3,0,0
876,1672,0.0,1,0,864,528,1,3,3,3,2,0,0
877,1939,0.0,1,81,923,390,1,3,3,3,3,0,0
